year,state_fips,state_abbr,state_name,population_total,population_adult_18_plus,population_male,population_female,education_bachelors_or_higher_25_plus,race_white_alone,race_black_alone,race_asian_alone,ethnicity_hispanic_or_latino,ethnicity_not_hispanic_or_latino,population_density_per_sq_mile
1976,01,AL,Alabama,3713998.8,,,,,,,,,,73.33348997824676
1976,02,AK,Alaska,361263.4,,,,,,,,,,0.6330835528014596
1976,04,AZ,Arizona,2339289.0,,,,,,,,,,20.593405923970685
1976,05,AR,Arkansas,2141179.0,,,,,,,,,,41.148443331357754
1976,06,CA,California,22181994.8,,,,,,,,,,142.39379809450838
1976,08,CO,Colorado,2616882.0,,,,,,,,,,25.249269383258063
1976,09,CT,Connecticut,3077229.2,,,,,,,,,,635.481294244955
1976,10,DE,Delaware,575844.4,,,,,,,,,,295.5260861978712
1976,11,DC,District of Columbia,685603.8,,,,,,,,,,11230.201474201476
1976,12,FL,Florida,8563571.6,,,,,,,,,,159.69435760644896
1976,13,GA,Georgia,5113693.0,,,,,,,,,,88.91293155744853
1976,15,HI,Hawaii,886239.0,,,,,,,,,,137.98693058762532
1976,16,ID,Idaho,851387.8,,,,,,,,,,10.301980370537803
1976,17,IL,Illinois,11301501.2,,,,,,,,,,203.5612213708009
1976,18,IN,Indiana,5371602.0,,,,,,,,,,149.93539627941743
1976,19,IA,Iowa,2878035.2,,,,,,,,,,51.52493871418027
1976,20,KS,Kansas,2316838.6,,,,,,,,,,28.33751066552901
1976,21,KY,Kentucky,3483948.6,,,,,,,,,,88.23174292679444
1976,22,LA,Louisiana,3980062.4,,,,,,,,,,92.12275743624997
1976,23,ME,Maine,1071615.2,,,,,,,,,,34.744284912064096
1976,24,MD,Maryland,4099144.6,,,,,,,,,,422.2879182939305
1976,25,MA,Massachusetts,5717890.2,,,,,,,,,,733.0572072522519
1976,26,MI,Michigan,9107280.0,,,,,,,,,,161.07989366613074
1976,27,MN,Minnesota,3967570.4,,,,,,,,,,49.827110842412985
1976,28,MS,Mississippi,2399147.6,,,,,,,,,,51.12916469802723
1976,29,MO,Missouri,4820612.0,,,,,,,,,,70.12664252987132
1976,30,MT,Montana,749777.6,,,,,,,,,,5.15148908453559
1976,31,NE,Nebraska,1535292.2,,,,,,,,,,19.984494463135754
1976,32,NV,Nevada,675791.0,,,,,,,,,,6.155800110729362
1976,33,NH,New Hampshire,847438.4,,,,,,,,,,94.6578275706076
1976,34,NJ,New Jersey,7286159.4,,,,,,,,,,990.7453679656035
1976,35,NM,New Mexico,1188136.4,,,,,,,,,,9.795173298191274
1976,36,NY,New York,17829630.0,,,,,,,,,,378.33634650641676
1976,37,NC,North Carolina,5561883.2,,,,,,,,,,114.39988267698055
1976,38,ND,North Dakota,638734.6,,,,,,,,,,9.25691586184508
1976,39,OH,Ohio,10739384.8,,,,,,,,,,262.82925716623976
1976,40,OK,Oklahoma,2838865.6,,,,,,,,,,41.38594519827416
1976,41,OR,Oregon,2416417.0,,,,,,,,,,25.174154563679362
1976,42,PA,Pennsylvania,11835900.6,,,,,,,,,,264.53255167882133
1976,44,RI,Rhode Island,946982.4,,,,,,,,,,916.0120331588978
1976,45,SC,South Carolina,2909298.4,,,,,,,,,,96.78079352776216
1976,46,SD,South Dakota,680663.6,,,,,,,,,,8.978427932621914
1976,47,TN,Tennessee,4324146.8,,,,,,,,,,104.8661885926727
1976,48,TX,Texas,13016206.6,,,,,,,,,,49.826288699790695
1976,49,UT,Utah,1300331.4,,,,,,,,,,15.824965479942588
1976,50,VT,Vermont,484605.6,,,,,,,,,,52.57930747147014
1976,51,VA,Virginia,5067488.4,,,,,,,,,,128.3230400335882
1976,53,WA,Washington,3842961.2,,,,,,,,,,57.82756947805088
1976,54,WV,West Virginia,1867481.2,,,,,,,,,,77.68803084755478
1976,55,WI,Wisconsin,4590552.6,,,,,,,,,,84.7625383601254
1976,56,WY,Wyoming,414700.6,,,,,,,,,,4.27116272066183
1980,01,AL,Alabama,3893888.0,,,,,,,,,,76.88543050267418
1980,02,AK,Alaska,401851.0,,,,,,,,,,0.7042098888977386
1980,04,AZ,Arizona,2718215.0,,,,,,,,,,23.929195958099225
1980,05,AR,Arkansas,2286435.0,,,,,,,,,,43.93992329848788
1980,06,CA,California,23667902.0,,,,,,,,,,151.93234373621848
1980,08,CO,Colorado,2889964.0,,,,,,,,,,27.88413063482343
1980,09,CT,Connecticut,3107576.0,,,,,,,,,,641.7482384622375
1980,10,DE,Delaware,594338.0,,,,,,,,,,305.01708971845585
1980,11,DC,District of Columbia,638333.0,,,,,,,,,,10455.904995904997
1980,12,FL,Florida,9746324.0,,,,,,,,,,181.7504451301973
1980,13,GA,Georgia,5463105.0,,,,,,,,,,94.98823667282232
1980,15,HI,Hawaii,964691.0,,,,,,,,,,150.20186434529157
1980,16,ID,Idaho,943935.0,,,,,,,,,,11.421821925406496
1980,17,IL,Illinois,11426518.0,,,,,,,,,,205.8130082838412
1980,18,IN,Indiana,5490224.0,,,,,,,,,,153.24644512061175
1980,19,IA,Iowa,2913808.0,,,,,,,,,,52.16537262118552
1980,20,KS,Kansas,2363679.0,,,,,,,,,,28.910420808936344
1980,21,KY,Kentucky,3660777.0,,,,,,,,,,92.70995995070702
1980,22,LA,Louisiana,4205900.0,,,,,,,,,,97.35000775392962
1980,23,ME,Maine,1124660.0,,,,,,,,,,36.46412207404487
1980,24,MD,Maryland,4216975.0,,,,,,,,,,434.4266348270679
1980,25,MA,Massachusetts,5737037.0,,,,,,,,,,735.5119063186693
1980,26,MI,Michigan,9262078.0,,,,,,,,,,163.8177962429407
1980,27,MN,Minnesota,4075970.0,,,,,,,,,,51.188457545794286
1980,28,MS,Mississippi,2520638.0,,,,,,,,,,53.71829371652914
1980,29,MO,Missouri,4916686.0,,,,,,,,,,71.52425491900674
1980,30,MT,Montana,786690.0,,,,,,,,,,5.405102723678732
1980,31,NE,Nebraska,1569825.0,,,,,,,,,,20.43399883135737
1980,32,NV,Nevada,800493.0,,,,,,,,,,7.291714299299753
1980,33,NH,New Hampshire,920610.0,,,,,,,,,,102.83100534478619
1980,34,NJ,New Jersey,7364823.0,,,,,,,,,,1001.4417572495792
1980,35,NM,New Mexico,1302894.0,,,,,,,,,,10.741252030636906
1980,36,NY,New York,17558072.0,,,,,,,,,,372.5740137163034
1980,37,NC,North Carolina,5881766.0,,,,,,,,,,120.9794086171125
1980,38,ND,North Dakota,652717.0,,,,,,,,,,9.459556990643586
1980,39,OH,Ohio,10797630.0,,,,,,,,,,264.25471522874426
1980,40,OK,Oklahoma,3025290.0,,,,,,,,,,44.10370330630898
1980,41,OR,Oregon,2633105.0,,,,,,,,,,27.431603176271704
1980,42,PA,Pennsylvania,11863895.0,,,,,,,,,,265.15822692863867
1980,44,RI,Rhode Island,947154.0,,,,,,,,,,916.1780211063929
1980,45,SC,South Carolina,3121820.0,,,,,,,,,,103.85054240253886
1980,46,SD,South Dakota,690768.0,,,,,,,,,,9.111712020683015
1980,47,TN,Tennessee,4591120.0,,,,,,,,,,111.34063620864849
1980,48,TX,Texas,14229191.0,,,,,,,,,,54.46961626519231
1980,49,UT,Utah,1461037.0,,,,,,,,,,17.780744270205947
1980,50,VT,Vermont,511456.0,,,,,,,,,,55.49255370166633
1980,51,VA,Virginia,5346818.0,,,,,,,,,,135.39645009672049
1980,53,WA,Washington,4132156.0,,,,,,,,,,62.17927419723749
1980,54,WV,West Virginia,1949644.0,,,,,,,,,,81.10603909359308
1980,55,WI,Wisconsin,4705767.0,,,,,,,,,,86.88992167333237
1980,56,WY,Wyoming,469557.0,,,,,,,,,,4.836150113179984
1984,01,AL,Alabama,3952567.6,,,,,,,,,,78.04406842644721
1984,02,AK,Alaska,461127.8,,,,,,,,,,0.8080874672594037
1984,04,AZ,Arizona,3097020.2,,,,,,,,,,27.263922556527596
1984,05,AR,Arkansas,2312151.0,,,,,,,,,,44.434124562702216
1984,06,CA,California,26104749.6,,,,,,,,,,167.57530047974308
1984,08,CO,Colorado,3051736.0,,,,,,,,,,29.445005296603526
1984,09,CT,Connecticut,3179392.0,,,,,,,,,,656.579023451375
1984,10,DE,Delaware,623070.0,,,,,,,,,,319.7624888377965
1984,11,DC,District of Columbia,625759.8,,,,,,,,,,10249.955773955775
1984,12,FL,Florida,11022964.8,,,,,,,,,,205.5573731239077
1984,13,GA,Georgia,5869149.4,,,,,,,,,,102.04822207798554
1984,15,HI,Hawaii,1022106.2,,,,,,,,,,159.14137977744318
1984,16,ID,Idaho,969060.6,,,,,,,,,,11.725847233260312
1984,17,IL,Illinois,11428151.6,,,,,,,,,,205.8424324820381
1984,18,IN,Indiana,5511798.0,,,,,,,,,,153.84863162648693
1984,19,IA,Iowa,2858986.8,,,,,,,,,,51.183918686835504
1984,20,KS,Kansas,2409237.0,,,,,,,,,,29.467645775276324
1984,21,KY,Kentucky,3670584.6,,,,,,,,,,92.95833951690636
1984,22,LA,Louisiana,4211529.2,,,,,,,,,,97.4803015468511
1984,23,ME,Maine,1165967.2,,,,,,,,,,37.80339864059564
1984,24,MD,Maryland,4442772.2,,,,,,,,,,457.6879341587866
1984,25,MA,Massachusetts,5848792.2,,,,,,,,,,749.8393858508781
1984,26,MI,Michigan,9275365.6,,,,,,,,,,164.05281319587044
1984,27,MN,Minnesota,4195621.6,,,,,,,,,,52.69111356310706
1984,28,MS,Mississippi,2541669.2,,,,,,,,,,54.166497773919005
1984,29,MO,Missouri,4996840.8,,,,,,,,,,72.69028674373216
1984,30,MT,Montana,791640.0,,,,,,,,,,5.439112636709544
1984,31,NE,Nebraska,1573249.0,,,,,,,,,,20.47856813812632
1984,32,NV,Nevada,961029.0,,,,,,,,,,8.754041448634457
1984,33,NH,New Hampshire,996066.8,,,,,,,,,,111.25943714989417
1984,34,NJ,New Jersey,7510969.0,,,,,,,,,,1021.3141570418072
1984,35,NM,New Mexico,1387764.0,,,,,,,,,,11.44093294085689
1984,36,NY,New York,17731025.2,,,,,,,,,,376.24399911726755
1984,37,NC,North Carolina,6180514.4,,,,,,,,,,127.12423055618804
1984,38,ND,North Dakota,647150.2,,,,,,,,,,9.378879665163302
1984,39,OH,Ohio,10817424.0,,,,,,,,,,264.7391417031871
1984,40,OK,Oklahoma,3073408.0,,,,,,,,,,44.80518382410826
1984,41,OR,Oregon,2716791.4,,,,,,,,,,28.30344539906599
1984,42,PA,Pennsylvania,11870994.2,,,,,,,,,,265.3168941525657
1984,44,RI,Rhode Island,969678.0,,,,,,,,,,937.9653901587333
1984,45,SC,South Carolina,3267773.2,,,,,,,,,,108.70582521365105
1984,46,SD,South Dakota,692862.4,,,,,,,,,,9.1393386184063
1984,47,TN,Tennessee,4705546.0,,,,,,,,,,114.11561565567031
1984,48,TX,Texas,15332118.6,,,,,,,,,,58.69164428774746
1984,49,UT,Utah,1565762.2,,,,,,,,,,19.055244505207643
1984,50,VT,Vermont,531976.8,,,,,,,,,,57.71904355807853
1984,51,VA,Virginia,5683034.0,,,,,,,,,,143.91038359244055
1984,53,WA,Washington,4425970.4,,,,,,,,,,66.60049308168833
1984,54,WV,West Virginia,1887177.2,,,,,,,,,,78.50739302136057
1984,55,WI,Wisconsin,4780167.8,,,,,,,,,,88.2636997810103
1984,56,WY,Wyoming,463169.4,,,,,,,,,,4.770361737193792
1988,01,AL,Alabama,4011247.2,,,,,,,,,,79.20270635022025
1988,02,AK,Alaska,520404.6,,,,,,,,,,0.9119650456210687
1988,04,AZ,Arizona,3475825.4,,,,,,,,,,30.59864915495596
1988,05,AR,Arkansas,2337867.0,,,,,,,,,,44.928325826916556
1988,06,CA,California,28541597.2,,,,,,,,,,183.21825722326764
1988,08,CO,Colorado,3213508.0,,,,,,,,,,31.005879958383623
1988,09,CT,Connecticut,3251208.0,,,,,,,,,,671.4098084405125
1988,10,DE,Delaware,651802.0,,,,,,,,,,334.50788795713714
1988,11,DC,District of Columbia,613186.6,,,,,,,,,,10044.006552006553
1988,12,FL,Florida,12299605.6,,,,,,,,,,229.36430111761803
1988,13,GA,Georgia,6275193.8,,,,,,,,,,109.10820748314873
1988,15,HI,Hawaii,1079521.4,,,,,,,,,,168.08089520959481
1988,16,ID,Idaho,994186.2,,,,,,,,,,12.02987254111413
1988,17,IL,Illinois,11429785.2,,,,,,,,,,205.871856680235
1988,18,IN,Indiana,5533372.0,,,,,,,,,,154.45081813236212
1988,19,IA,Iowa,2804165.6,,,,,,,,,,50.2024647524855
1988,20,KS,Kansas,2454795.0,,,,,,,,,,30.024870741616308
1988,21,KY,Kentucky,3680392.2,,,,,,,,,,93.20671908310571
1988,22,LA,Louisiana,4217158.4,,,,,,,,,,97.61059533977257
1988,23,ME,Maine,1207274.4,,,,,,,,,,39.142675207146404
1988,24,MD,Maryland,4668569.4,,,,,,,,,,480.9492334905053
1988,25,MA,Massachusetts,5960547.4,,,,,,,,,,764.1668653830868
1988,26,MI,Michigan,9288653.2,,,,,,,,,,164.2878301488002
1988,27,MN,Minnesota,4315273.2,,,,,,,,,,54.19376958041984
1988,28,MS,Mississippi,2562700.4,,,,,,,,,,54.61470183130886
1988,29,MO,Missouri,5076995.6,,,,,,,,,,73.8563185684576
1988,30,MT,Montana,796590.0,,,,,,,,,,5.473122549740357
1988,31,NE,Nebraska,1576673.0,,,,,,,,,,20.523137444895273
1988,32,NV,Nevada,1121565.0,,,,,,,,,,10.216368597969161
1988,33,NH,New Hampshire,1071523.6,,,,,,,,,,119.68786895500216
1988,34,NJ,New Jersey,7657115.0,,,,,,,,,,1041.1865568340354
1988,35,NM,New Mexico,1472634.0,,,,,,,,,,12.140613851076871
1988,36,NY,New York,17903978.4,,,,,,,,,,379.91398451823176
1988,37,NC,North Carolina,6479262.8,,,,,,,,,,133.26905249526357
1988,38,ND,North Dakota,641583.4,,,,,,,,,,9.298202339683018
1988,39,OH,Ohio,10837218.0,,,,,,,,,,265.2235681776299
1988,40,OK,Oklahoma,3121526.0,,,,,,,,,,45.50666434190754
1988,41,OR,Oregon,2800477.8,,,,,,,,,,29.17528762186027
1988,42,PA,Pennsylvania,11878093.4,,,,,,,,,,265.47556137649275
1988,44,RI,Rhode Island,992202.0,,,,,,,,,,959.7527592110737
1988,45,SC,South Carolina,3413726.4,,,,,,,,,,113.56110802476323
1988,46,SD,South Dakota,694956.8,,,,,,,,,,9.166965216129586
1988,47,TN,Tennessee,4819972.0,,,,,,,,,,116.89059510269213
1988,48,TX,Texas,16435046.2,,,,,,,,,,62.9136723103026
1988,49,UT,Utah,1670487.4,,,,,,,,,,20.32974474020934
1988,50,VT,Vermont,552497.6,,,,,,,,,,59.94553341449071
1988,51,VA,Virginia,6019250.0,,,,,,,,,,152.42431708816062
1988,53,WA,Washington,4719784.8,,,,,,,,,,71.02171196613915
1988,54,WV,West Virginia,1824710.4,,,,,,,,,,75.90874694912807
1988,55,WI,Wisconsin,4854568.6,,,,,,,,,,89.63747788868822
1988,56,WY,Wyoming,456781.8,,,,,,,,,,4.704573361207599
1992,01,AL,Alabama,3937400.0,,,,,,,,,,77.74458178078808
1992,02,AK,Alaska,698100.0,,,,,,,,,,1.2233612046243791
1992,04,AZ,Arizona,3693800.0,,,,,,,,,,32.517539646432276
1992,05,AR,Arkansas,2584600.0,,,,,,,,,,49.669955960817504
1992,06,CA,California,24382500.0,,,,,,,,,,156.51959227938104
1992,08,CO,Colorado,3806000.0,,,,,,,,,,36.72260318680024
1992,09,CT,Connecticut,3469300.0,,,,,,,,,,716.4481781610621
1992,10,DE,Delaware,728200.0,,,,,,,,,,373.71570509201763
1992,11,DC,District of Columbia,92100.0,,,,,,,,,,1508.5995085995087
1992,12,FL,Florida,11594000.0,,,,,,,,,,216.20609584080188
1992,13,GA,Georgia,6462100.0,,,,,,,,,,112.35798766515474
1992,15,HI,Hawaii,476400.0,,,,,,,,,,74.1752210543033
1992,16,ID,Idaho,1476800.0,,,,,,,,,,17.86960608457183
1992,17,IL,Illinois,11633400.0,,,,,,,,,,209.5393409058856
1992,18,IN,Indiana,7077600.0,,,,,,,,,,197.55424186438327
1992,19,IA,Iowa,3517700.0,,,,,,,,,,62.976740838636005
1992,20,KS,Kansas,3023200.0,,,,,,,,,,36.97709553182828
1992,21,KY,Kentucky,4684800.0,,,,,,,,,,118.64356129233553
1992,22,LA,Louisiana,3850400.0,,,,,,,,,,89.1215839310803
1992,23,ME,Maine,1534100.0,,,,,,,,,,49.73912975814223
1992,24,MD,Maryland,4846000.0,,,,,,,,,,499.22787599451533
1992,25,MA,Massachusetts,6372600.0,,,,,,,,,,816.9937154329582
1992,26,MI,Michigan,10586000.0,,,,,,,,,,187.2339221314882
1992,27,MN,Minnesota,5592500.0,,,,,,,,,,70.23394402433152
1992,28,MS,Mississippi,2165600.0,,,,,,,,,,46.151941243651606
1992,29,MO,Missouri,6034800.0,,,,,,,,,,87.78973755599236
1992,30,MT,Montana,962100.0,,,,,,,,,,6.610290369079699
1992,31,NE,Nebraska,1987100.0,,,,,,,,,,25.86555767540346
1992,32,NV,Nevada,1424800.0,,,,,,,,,,12.97854513861119
1992,33,NH,New Hampshire,1528600.0,,,,,,,,,,170.74274097613556
1992,34,NJ,New Jersey,7536400.0,,,,,,,,,,1024.7721716239112
1992,35,NM,New Mexico,972800.0,,,,,,,,,,8.01990797056674
1992,36,NY,New York,16645900.0,,,,,,,,,,353.2181537312419
1992,37,NC,North Carolina,6696700.0,,,,,,,,,,137.74142080562493
1992,38,ND,North Dakota,732200.0,,,,,,,,,,10.611471171348738
1992,39,OH,Ohio,12933200.0,,,,,,,,,,316.51937351033473
1992,40,OK,Oklahoma,3316900.0,,,,,,,,,,48.35489275299104
1992,41,OR,Oregon,3462900.0,,,,,,,,,,36.07638078964238
1992,42,PA,Pennsylvania,12845900.0,,,,,,,,,,287.1060530544648
1992,44,RI,Rhode Island,1165400.0,,,,,,,,,,1127.286445284917
1992,45,SC,South Carolina,3305700.0,,,,,,,,,,109.96749909350082
1992,46,SD,South Dakota,883800.0,,,,,,,,,,11.657938821543048
1992,47,TN,Tennessee,5421800.0,,,,,,,,,,131.4857074953498
1992,48,TX,Texas,14570000.0,,,,,,,,,,55.77423965873056
1992,49,UT,Utah,3161600.0,,,,,,,,,,38.47650749753985
1992,50,VT,Vermont,740100.0,,,,,,,,,,80.30023891518185
1992,51,VA,Virginia,6493800.0,,,,,,,,,,164.44125602144743
1992,53,WA,Washington,6182000.0,,,,,,,,,,93.02462760053642
1992,54,WV,West Virginia,2087000.0,,,,,,,,,,86.8201084856152
1992,55,WI,Wisconsin,5613600.0,,,,,,,,,,103.65265945071623
1992,56,WY,Wyoming,564400.0,,,,,,,,,,5.8129750464347945
1996,01,AL,Alabama,3757400.0,,,,,,,,,,74.19045349294791
1996,02,AK,Alaska,600000.0,,,,,,,,,,1.0514492519332868
1996,04,AZ,Arizona,3809700.0,,,,,,,,,,33.53783929585063
1996,05,AR,Arkansas,2619000.0,,,,,,,,,,50.33104335734003
1996,06,CA,California,19632200.0,,,,,,,,,,126.02579471125867
1996,08,CO,Colorado,3702100.0,,,,,,,,,,35.72011278451213
1996,09,CT,Connecticut,3101000.0,,,,,,,,,,640.3902229491406
1996,10,DE,Delaware,661700.0,,,,,,,,,,339.587588656122
1996,11,DC,District of Columbia,108000.0,,,,,,,,,,1769.0417690417692
1996,12,FL,Florida,10868500.0,,,,,,,,,,202.67689776140722
1996,13,GA,Georgia,6405400.0,,,,,,,,,,111.37213199894495
1996,15,HI,Hawaii,425000.0,,,,,,,,,,66.17226899260895
1996,16,ID,Idaho,1546000.0,,,,,,,,,,18.706941364266015
1996,17,IL,Illinois,10614900.0,,,,,,,,,,191.19424671909204
1996,18,IN,Indiana,6827200.0,,,,,,,,,,190.56492597158888
1996,19,IA,Iowa,3310100.0,,,,,,,,,,59.26011594222618
1996,20,KS,Kansas,2812000.0,,,,,,,,,,34.39388483577042
1996,21,KY,Kentucky,4549700.0,,,,,,,,,,115.22212491712325
1996,22,LA,Louisiana,3547500.0,,,,,,,,,,82.11064278919264
1996,23,ME,Maine,1308100.0,,,,,,,,,,42.41167827170709
1996,24,MD,Maryland,4167700.0,,,,,,,,,,429.3503959517832
1996,25,MA,Massachusetts,6217200.0,,,,,,,,,,797.0707917631403
1996,26,MI,Michigan,9767300.0,,,,,,,,,,172.75362626439494
1996,27,MN,Minnesota,5341300.0,,,,,,,,,,67.07922489354706
1996,28,MS,Mississippi,2087100.0,,,,,,,,,,44.47899730773239
1996,29,MO,Missouri,5803900.0,,,,,,,,,,84.43077778902764
1996,30,MT,Montana,922700.0,,,,,,,,,,6.339585202733436
1996,31,NE,Nebraska,1907500.0,,,,,,,,,,24.82942542691968
1996,32,NV,Nevada,1553100.0,,,,,,,,,,14.14723361508776
1996,33,NH,New Hampshire,1373900.0,,,,,,,,,,153.46294114033276
1996,34,NJ,New Jersey,6841800.0,,,,,,,,,,930.3229982241488
1996,35,NM,New Mexico,888100.0,,,,,,,,,,7.321628565645891
1996,36,NY,New York,14410900.0,,,,,,,,,,305.7925069600054
1996,37,NC,North Carolina,6646200.0,,,,,,,,,,136.70270893997704
1996,38,ND,North Dakota,719900.0,,,,,,,,,,10.433212368552248
1996,39,OH,Ohio,11846200.0,,,,,,,,,,289.9167879935459
1996,40,OK,Oklahoma,3040100.0,,,,,,,,,,44.31960850745216
1996,41,OR,Oregon,3372600.0,,,,,,,,,,35.13563829482453
1996,42,PA,Pennsylvania,11461600.0,,,,,,,,,,256.1669277893377
1996,44,RI,Rhode Island,1054200.0,,,,,,,,,,1019.7231599616952
1996,45,SC,South Carolina,3123900.0,,,,,,,,,,103.9197357346968
1996,46,SD,South Dakota,822500.0,,,,,,,,,,10.849349039057657
1996,47,TN,Tennessee,5356900.0,,,,,,,,,,129.91179801575848
1996,48,TX,Texas,13956700.0,,,,,,,,,,53.426515486959836
1996,49,UT,Utah,3454800.0,,,,,,,,,,42.04473624193467
1996,50,VT,Vermont,635400.0,,,,,,,,,,68.94037536374348
1996,51,VA,Virginia,6041500.0,,,,,,,,,,152.98774958476926
1996,53,WA,Washington,5620300.0,,,,,,,,,,84.57235757089855
1996,54,WV,West Virginia,1920100.0,,,,,,,,,,79.8769958328844
1996,55,WI,Wisconsin,4907400.0,,,,,,,,,,90.61298649502011
1996,56,WY,Wyoming,539300.0,,,,,,,,,,5.554460387211702
2000,01,AL,Alabama,4447100.0,3190931.0,2146504.0,2300596.0,549608.0,4402921.0,3162808.0,22430.0,75830.0,4371270.0,87.80868838252213
2000,02,AK,Alaska,626932.0,418815.0,324112.0,302820.0,93807.0,592786.0,434534.0,98043.0,25852.0,601080.0,1.098645304021732
2000,04,AZ,Arizona,5130632.0,3612444.0,2561057.0,2569575.0,766212.0,4984106.0,3873611.0,255879.0,1295617.0,3835015.0,45.16636782480214
2000,05,AR,Arkansas,2673400.0,1912891.0,1304693.0,1368707.0,288428.0,2637656.0,2138598.0,17808.0,86866.0,2586534.0,51.37648389137565
2000,06,CA,California,33871648.0,23637077.0,16874892.0,16996756.0,5669966.0,32264002.0,20170059.0,333346.0,10966556.0,22905092.0,217.43367311763404
2000,08,CO,Colorado,4301261.0,3076593.0,2165983.0,2135278.0,907755.0,4179074.0,3560005.0,44241.0,735601.0,3565660.0,41.50118258167619
2000,09,CT,Connecticut,3405565.0,2479863.0,1649319.0,1756246.0,720994.0,3330717.0,2780355.0,9639.0,320323.0,3085242.0,703.2862075516897
2000,10,DE,Delaware,783600.0,565350.0,380541.0,403059.0,128917.0,770567.0,584773.0,2731.0,37277.0,746323.0,402.14724870929007
2000,11,DC,District of Columbia,572059.0,436253.0,269366.0,302693.0,150237.0,558613.0,176101.0,1713.0,44953.0,527106.0,9370.33579033579
2000,12,FL,Florida,15982378.0,11933746.0,7797715.0,8184663.0,2462328.0,15606063.0,12465029.0,53541.0,2682715.0,13299663.0,298.0410168735487
2000,13,GA,Georgia,8186453.0,5771683.0,4027113.0,4159340.0,1260178.0,8072265.0,5327281.0,21737.0,435227.0,7751226.0,142.3397015204607
2000,15,HI,Hawaii,1211537.0,884286.0,608671.0,602866.0,210041.0,952194.0,294102.0,3535.0,87699.0,1123838.0,188.63565237293756
2000,16,ID,Idaho,1293953.0,880088.0,648660.0,645293.0,170615.0,1268344.0,1177304.0,17645.0,101690.0,1192263.0,15.657117011071218
2000,17,IL,Illinois,12419293.0,8813787.0,6080336.0,6338957.0,2078049.0,12184277.0,9125471.0,31006.0,1530262.0,10889031.0,223.6947469989065
2000,18,IN,Indiana,6080485.0,4317099.0,2982474.0,3098011.0,755613.0,6004813.0,5320022.0,15815.0,214536.0,5865949.0,169.7221663194804
2000,19,IA,Iowa,2926324.0,2098341.0,1435515.0,1490809.0,402090.0,2894546.0,2748640.0,8989.0,82473.0,2843851.0,52.38944428401531
2000,20,KS,Kansas,2688418.0,1890000.0,1328474.0,1359944.0,438978.0,2631922.0,2313944.0,24936.0,188252.0,2500166.0,32.882339645239064
2000,21,KY,Kentucky,4041769.0,2928125.0,1975368.0,2066401.0,453469.0,3999326.0,3640889.0,8616.0,59939.0,3981830.0,102.35866378094299
2000,22,LA,Louisiana,4468976.0,3100947.0,2162903.0,2306073.0,519778.0,4420711.0,2856161.0,25477.0,107738.0,4361238.0,103.43918025918956
2000,23,ME,Maine,1274923.0,939438.0,620309.0,654614.0,198960.0,1262276.0,1236014.0,7098.0,9360.0,1265563.0,41.33600190902807
2000,24,MD,Maryland,5296486.0,3803521.0,2557794.0,2738692.0,1099360.0,5192899.0,3391308.0,15423.0,227916.0,5068570.0,545.6362889010909
2000,25,MA,Massachusetts,6349097.0,4673984.0,3058816.0,3290281.0,1418295.0,6203092.0,5367286.0,15015.0,428729.0,5920368.0,813.9805334830758
2000,26,MI,Michigan,9938444.0,7054379.0,4873095.0,5065349.0,1396259.0,9746028.0,7966053.0,58479.0,323877.0,9614567.0,175.78063952429213
2000,27,MN,Minnesota,4919479.0,3484634.0,2435631.0,2483848.0,868082.0,4836737.0,4400282.0,54967.0,143382.0,4776097.0,61.78174567990602
2000,28,MS,Mississippi,2844658.0,1971444.0,1373554.0,1471104.0,297091.0,2824637.0,1746099.0,11652.0,39569.0,2805089.0,60.62360956514753
2000,29,MO,Missouri,5595211.0,4001039.0,2720177.0,2875034.0,784476.0,5513150.0,4748083.0,25076.0,118592.0,5476619.0,81.3949269669917
2000,30,MT,Montana,902195.0,644755.0,449480.0,452715.0,142961.0,886465.0,817229.0,56068.0,18081.0,884114.0,6.198701714511858
2000,31,NE,Nebraska,1711263.0,1206927.0,843351.0,867912.0,258140.0,1687310.0,1533261.0,14896.0,94425.0,1616838.0,22.275060049460997
2000,32,NV,Nevada,1998257.0,1436756.0,1018051.0,980206.0,237875.0,1921829.0,1501886.0,26420.0,393970.0,1604287.0,18.202181831166328
2000,33,NH,New Hampshire,1235786.0,891621.0,607687.0,628099.0,236104.0,1222572.0,1186851.0,2964.0,20489.0,1215297.0,138.03577711627284
2000,34,NJ,New Jersey,8414350.0,6130243.0,4082813.0,4331537.0,1684861.0,8200595.0,6104705.0,19492.0,1117191.0,7297159.0,1144.1526089782465
2000,35,NM,New Mexico,1819046.0,1254187.0,894317.0,924729.0,266149.0,1752719.0,1214253.0,173483.0,765386.0,1053660.0,14.996485931566145
2000,36,NY,New York,18976457.0,13765206.0,9146748.0,9829709.0,3433212.0,18386275.0,12893689.0,82461.0,2867583.0,16108874.0,402.67147501188293
2000,37,NC,North Carolina,8049313.0,5855953.0,3942695.0,4106618.0,1186713.0,7946053.0,5804656.0,99551.0,378963.0,7670350.0,165.56271135472502
2000,38,ND,North Dakota,642200.0,458736.0,320524.0,321676.0,89843.0,634802.0,593181.0,31329.0,7786.0,634414.0,9.307138467959792
2000,39,OH,Ohio,11353140.0,8137185.0,5512262.0,5840878.0,1563532.0,11195255.0,9645453.0,24486.0,217123.0,11136017.0,277.8499335180096
2000,40,OK,Oklahoma,3450654.0,2448374.0,1695895.0,1754759.0,446771.0,3294669.0,2628434.0,273230.0,179304.0,3271350.0,50.304803912592945
2000,41,OR,Oregon,3421399.0,2477395.0,1696550.0,1724849.0,564566.0,3316654.0,2961623.0,45211.0,275314.0,3146085.0,35.644024706835786
2000,42,PA,Pennsylvania,12281054.0,9010470.0,5929663.0,6351391.0,1847631.0,12138830.0,10484203.0,18348.0,394088.0,11886966.0,274.48173668553756
2000,44,RI,Rhode Island,1048319.0,765703.0,503635.0,544684.0,177817.0,1020068.0,891191.0,5121.0,90820.0,957499.0,1014.0344937657791
2000,45,SC,South Carolina,4012012.0,2876234.0,1948929.0,2063083.0,530055.0,3972062.0,2695560.0,13718.0,95076.0,3916936.0,133.46369179693087
2000,46,SD,South Dakota,754844.0,527363.0,374558.0,380286.0,102012.0,744688.0,669404.0,62283.0,10903.0,743941.0,9.956919180593845
2000,47,TN,Tennessee,5689283.0,4128251.0,2770275.0,2919008.0,732688.0,5626174.0,4563310.0,15152.0,123838.0,5565445.0,137.97251842492645
2000,48,TX,Texas,20851820.0,14305584.0,10352910.0,10498910.0,2972293.0,20337187.0,14799505.0,118362.0,6669666.0,14182154.0,79.82116719291085
2000,49,UT,Utah,2233169.0,1422192.0,1119031.0,1114138.0,312963.0,2185974.0,1992975.0,29684.0,201559.0,2031610.0,27.177550535100444
2000,50,VT,Vermont,608827.0,442570.0,298337.0,310490.0,119025.0,601492.0,589208.0,2420.0,5504.0,603323.0,66.05722680450401
2000,51,VA,Virginia,7078515.0,5141429.0,3471895.0,3606620.0,1374988.0,6935446.0,5120110.0,21172.0,329540.0,6748975.0,179.24788219019
2000,53,WA,Washington,5894121.0,4211102.0,2934300.0,2959821.0,1061425.0,5680602.0,4821823.0,93301.0,441509.0,5452612.0,88.69272259099017
2000,54,WV,West Virginia,1808344.0,1353629.0,879170.0,929174.0,182960.0,1792556.0,1718777.0,3606.0,12279.0,1796065.0,75.22789758472032
2000,55,WI,Wisconsin,5363675.0,3831582.0,2649041.0,2714634.0,779273.0,5296780.0,4769857.0,47228.0,192921.0,5170754.0,99.03790405075539
2000,56,WY,Wyoming,493782.0,348436.0,248374.0,245408.0,69162.0,484899.0,454670.0,11133.0,31669.0,462113.0,5.085652807191115
2004,01,AL,Alabama,4443466.4,3323666.2,2143621.6,2299844.8,614408.0,3403485.8,1548025.5999999999,35241.2,94398.0,922089.1999999997,87.73694237948494
2004,02,AK,Alaska,638765.6,447143.8,325381.6,313384.0,103354.2,473656.4,104589.19999999995,42679.0,29844.8,132739.19999999995,1.1193826871345283
2004,04,AZ,Arizona,5689997.6,4127249.6,2834557.8,2855439.8,910612.0,4549464.4,919337.3999999999,154533.4,1593942.6,1513760.6,50.090617398371464
2004,05,AR,Arkansas,2695824.8,2005855.8,1312786.6,1383038.2,325939.2,2235586.4,759127.5999999999,23760.8,118918.8,560794.0,51.807436003280834
2004,06,CA,California,34997344.0,25226316.2,17372984.0,17624360.0,6402761.2,23645869.2,5764835.799999999,3559107.6,12212014.4,9554682.399999999,224.65990008166685
2004,08,CO,Colorado,4510047.4,3324183.4,2259831.0,2250216.4,1022492.6,3883058.0,844584.1999999997,102853.0,860411.4,1134916.7999999998,43.515680773478756
2004,09,CT,Connecticut,3396913.8,2547061.4,1646349.4,1750564.4,786770.8,2871008.2,803886.2,88843.0,361204.6,777566.0,701.4996406710777
2004,10,DE,Delaware,811589.6,611569.2,393592.2,417997.4,147286.6,635883.8,247396.19999999995,18447.0,47629.8,175013.40000000002,416.51164461596886
2004,11,DC,District of Columbia,526506.2,410113.8,247921.2,278585.0,164693.8,245173.0,269176.2,12795.400000000001,45711.4,116568.39999999997,8624.18018018018
2004,12,FL,Florida,17102484.4,13055278.0,8332576.6,8769907.8,2875336.0,13794438.2,4583908.199999999,307816.2,3268074.2,4713555.0,318.92887539263575
2004,13,GA,Georgia,8694204.2,6329110.2,4263004.2,4431200.0,1475125.2,6027989.0,3122573.0,197013.0,587067.8,1752223.5999999996,151.16808595687723
2004,15,HI,Hawaii,1232833.8,928526.8,610979.0,621854.8,227321.0,437568.39999999997,78211.59999999998,417158.2,96499.0,244333.19999999995,191.95155255713001
2004,16,ID,Idaho,1375297.8,994176.0,685809.6,689488.2,197621.4,1278692.0,240205.59999999998,15622.6,121766.0,293147.0,16.641407052395895
2004,17,IL,Illinois,12436139.4,9129769.4,6088305.6,6347833.8,2305159.4,9625681.0,3267984.5999999996,412350.80000000005,1749747.6,2834586.1999999993,223.99818224162462
2004,18,IN,Indiana,6090794.6,4463704.6,2990014.8,3100779.8,823823.4,5399045.8,1481906.0,61158.200000000004,264953.6,1265894.5999999996,170.0099340955521
2004,19,IA,Iowa,2875297.6,2175360.2,1414467.8,1460829.8,447383.6,2719611.6,599989.6000000001,35005.8,101336.2,613514.1999999997,51.47592796121104
2004,20,KS,Kansas,2667776.4,1970935.2,1318486.8,1349289.6,476565.2,2341970.0,580752.7999999998,47490.4,216972.0,577376.3999999999,32.62986993925541
2004,21,KY,Kentucky,4055260.2,3051642.6,1983323.2,2071937.0,509777.8,3717217.2,961787.3999999999,30172.0,67749.4,826732.3999999999,102.70033130444605
2004,22,LA,Louisiana,4405592.8,3219484.6,2126548.6,2279044.2,563462.0,3120352.5999999996,1711780.2,51809.0,120000.4,935281.1999999997,101.97210899941902
2004,23,ME,Maine,1281923.0,993850.8,625225.0,656698.0,224061.6,1244075.2,254233.19999999995,10145.2,11519.2,259338.19999999995,41.5629583709973
2004,24,MD,Maryland,5428351.6,4011628.2,2615899.6,2812452.0,1210240.0,3723771.0,1930192.7999999998,209907.80000000002,298588.8,1116184.4,559.2208913370674
2004,25,MA,Massachusetts,6216107.4,4720548.0,3010193.6,3205913.8,1534985.4,5365759.2,1363933.1999999997,237032.6,478417.0,1365574.3999999994,796.9307159175698
2004,26,MI,Michigan,9880155.2,7293211.8,4834163.8,5045991.4,1552456.6,8261692.0,2696418.5999999996,193763.80000000002,362077.0,2075741.3999999994,174.74968915207052
2004,27,MN,Minnesota,4975774.2,3707430.0,2468578.2,2507196.0,982302.8,4479379.4,1044184.3999999999,153109.40000000002,174243.6,1026124.1999999997,62.488734312116755
2004,28,MS,Mississippi,2828256.4,2058456.8,1361211.6,1467044.8,327866.2,1938082.6,1173279.7999999998,19548.8,42533.8,577917.7999999998,60.27406870834024
2004,29,MO,Missouri,5624570.2,4208820.6,2741305.0,2883265.2,872483.2,4910891.6,1451999.0,67858.4,142913.6,1163247.0,81.82202255638222
2004,30,MT,Montana,908959.8,694487.8,451808.8,457151.0,159719.4,837069.8,166753.79999999993,15620.0,19801.8,186818.79999999993,6.245180554849402
2004,31,NE,Nebraska,1707833.4,1263820.6,844589.4,863244.0,293890.4,1561038.8,361363.3999999999,22835.2,116899.4,380905.19999999995,22.23041784896602
2004,32,NV,Nevada,2304676.2,1697332.0,1166873.4,1137802.8,304352.6,1833593.8,437060.3999999999,115727.20000000001,529993.2,631604.6,20.993363343334444
2004,33,NH,New Hampshire,1265146.0,953993.0,624332.6,640813.4,268090.4,1216207.2,245735.0,18872.800000000003,26444.2,258420.19999999995,141.31525302564046
2004,34,NJ,New Jersey,8500011.6,6319443.8,4127225.8,4372785.8,1889127.4,6404059.8,2125714.5999999996,500368.80000000005,1269367.8,1926257.3999999994,1155.8005607664713
2004,35,NM,New Mexico,1873569.2,1371508.6,915941.0,957628.2,296048.2,1400007.0,271333.79999999993,52659.79999999999,810856.4,614153.6,15.445983306423058
2004,36,NY,New York,18719511.4,14061444.4,9023940.8,9695570.6,3825788.8,13684169.399999999,4865187.399999999,1013745.8,2996443.0,4176092.3999999985,397.219210463774
2004,37,NC,North Carolina,8338695.4,6194409.8,4078524.6,4260170.8,1356992.2,6393587.4,2573489.5999999996,137346.2,502262.2,1735397.1999999993,171.51488823768852
2004,38,ND,North Dakota,616156.0,471252.8,307028.8,309127.2,102379.0,573322.0,122621.0,10633.0,8399.6,129956.39999999997,8.929693568770217
2004,39,OH,Ohio,11195112.8,8349035.4,5441185.2,5753927.6,1693164.0,9765467.0,2956217.0,134590.8,246535.8,2325985.0,273.9824706827026
2004,40,OK,Oklahoma,3436927.6,2557741.2,1683784.6,1753143.0,491317.4,2730661.8,720162.0,98062.0,218074.4,732644.3999999999,50.10469579963065
2004,41,OR,Oregon,3532367.0,2666397.4,1747672.4,1784694.6,641842.0,3135114.0,638971.7999999998,109081.4,337809.2,782631.3999999999,36.800085760711156
2004,42,PA,Pennsylvania,12039528.4,9145592.4,5825578.2,6213950.2,2049417.4,10533481.2,3063669.3999999994,216848.0,466560.8,2555978.0,269.0836359897816
2004,44,RI,Rhode Island,1035793.4,783805.4,499039.8,536753.6,201077.8,889064.8,219712.59999999998,22466.600000000002,108341.6,222749.3999999999,1001.918534353508
2004,45,SC,South Carolina,4093571.2,3048652.4,1978848.2,2114723.0,606216.6,3013955.6,1478702.4,38391.600000000006,127048.0,839720.0,136.17684218930364
2004,46,SD,South Dakota,747795.2,553303.0,369978.8,377816.4,116320.0,673869.6,138813.59999999998,16261.399999999994,13492.6,154277.79999999993,9.863940589096568
2004,47,TN,Tennessee,5786328.6,4367877.4,2824343.0,2961985.6,827132.0,4825806.8,1676091.5999999996,62089.600000000006,162930.8,1185740.2000000002,140.3260005480794
2004,48,TX,Texas,21986496.0,15637016.0,10868250.8,11118245.2,3363108.2,16884442.2,4913781.0,604494.0,7656396.4,6934545.199999999,84.16472870004947
2004,49,UT,Utah,2388513.8,1635168.8,1196020.6,1192493.2,372136.6,2180216.4,413255.0,43506.4,251579.0,526679.5999999999,29.068088668293708
2004,50,VT,Vermont,603597.4,464290.8,296381.8,307215.6,132792.2,585797.6,120187.19999999995,5811.200000000001,5272.0,123594.19999999995,65.48981952247344
2004,51,VA,Virginia,7281789.4,5444301.8,3554021.4,3727768.0,1567000.8,5594514.0,2141775.5999999996,278025.6,416939.2,1548399.7999999998,184.39536096271243
2004,53,WA,Washington,6095894.6,4577285.2,3029093.6,3066801.0,1193566.6,5126534.0,1126193.4,342684.2,521679.4,1301790.4,91.72894290797814
2004,54,WV,West Virginia,1779068.8,1383733.0,868659.6,910409.2,204414.4,1704502.4,387171.3999999999,7094.8,10567.0,363922.59999999986,74.01003652102216
2004,55,WI,Wisconsin,5373335.8,4034334.8,2652957.8,2720378.0,870413.8,4846841.6,1200331.4,95459.20000000001,232413.8,1123690.7999999998,99.21628648135632
2004,56,WY,Wyoming,494937.2,375566.4,247484.4,247452.8,75387.6,463124.6,93587.59999999998,4745.0,33083.4,106628.19999999995,5.0975506611486665
2008,01,AL,Alabama,4661900.0,1855456.0,2258924.0,2402976.0,22.0,297.0,284.0,4832.0,4531736.0,3188300.0,92.04994813934474
2008,02,AK,Alaska,686293.0,241392.0,357559.0,328734.0,27.3,213.0,268.0,4153.0,643705.0,450038.0,1.202670435761752
2008,04,AZ,Arizona,6500180.0,2410039.0,3258694.0,3241486.0,25.1,146775.0,2690.0,15183.0,4540983.0,3781993.0,57.222876403418205
2008,05,AR,Arkansas,2855390.0,1115286.0,1398560.0,1456830.0,18.8,-999999999.0,-999999999.0,2402.0,2697912.0,2159061.0,54.873905266176074
2008,06,CA,California,36756666.0,13802814.0,18383523.0,18373143.0,29.6,7838.0,4518.0,439003.0,23299269.0,15453123.0,235.95358867504922
2008,08,CO,Colorado,4939456.0,1859988.0,2487842.0,2451614.0,35.6,7228.0,2341.0,23121.0,3942396.0,3496374.0,47.65887615519169
2008,09,CT,Connecticut,3501252.0,1396703.0,1709297.0,1791955.0,35.6,-999999999.0,-999999999.0,6732.0,3081861.0,2577077.0,723.046613634674
2008,10,DE,Delaware,873092.0,348910.0,422659.0,450433.0,27.5,-999999999.0,-999999999.0,1401.0,813999.0,595514.0,448.0749689511121
2008,11,DC,District of Columbia,591833.0,257251.0,279839.0,311994.0,48.2,-999999999.0,-999999999.0,2027.0,540709.0,194261.0,9694.234234234234
2008,12,FL,Florida,18328340.0,7378797.0,8996705.0,9331635.0,25.8,80.0,761.0,23251.0,14482376.0,11015640.0,341.7887557911681
2008,13,GA,Georgia,9685744.0,3680753.0,4767677.0,4918067.0,27.5,234.0,190.0,53915.0,8915762.0,5608325.0,168.40821170824447
2008,15,HI,Hawaii,1288198.0,502200.0,649535.0,638663.0,29.1,-999999999.0,-999999999.0,40232.0,1175878.0,319553.0,200.57172840409615
2008,16,ID,Idaho,1523816.0,556905.0,766323.0,757493.0,24.0,619.0,269.0,1462.0,1367985.0,1296111.0,18.438510065931684
2008,17,IL,Illinois,12901564.0,4990571.0,6353674.0,6547890.0,29.9,0.0,788.0,58810.0,10933996.0,8316844.0,232.38135172994149
2008,18,IN,Indiana,6376792.0,2464442.0,3136086.0,3240706.0,22.9,348.0,1061.0,10683.0,6048067.0,5296340.0,177.99286609682156
2008,19,IA,Iowa,3002557.0,1173928.0,1480463.0,1522094.0,24.3,118.0,1459.0,5773.0,2878662.0,2709144.0,53.75422976440071
2008,20,KS,Kansas,2802134.0,1069557.0,1389348.0,1412786.0,29.6,549.0,199.0,5408.0,2547837.0,2247926.0,34.27321269217522
2008,21,KY,Kentucky,4269245.0,1688832.0,2086782.0,2182463.0,19.7,44.0,121.0,4453.0,4170899.0,3746399.0,108.11954209987556
2008,22,LA,Louisiana,4410796.0,1732165.0,2139612.0,2271184.0,20.3,0.0,532.0,6794.0,4261395.0,2724579.0,102.09254257138822
2008,23,ME,Maine,1316456.0,541007.0,640629.0,675827.0,25.4,-999999999.0,-999999999.0,1302.0,1303106.0,1252748.0,42.682599442594935
2008,24,MD,Maryland,5633597.0,2252037.0,2728031.0,2905566.0,35.2,409.0,0.0,40625.0,5259586.0,3237905.0,580.3649741062884
2008,25,MA,Massachusetts,6497967.0,2647434.0,3152206.0,3345761.0,38.1,417.0,63.0,21320.0,5941069.0,5103966.0,833.0662841055068
2008,26,MI,Michigan,10003422.0,3916185.0,4918443.0,5084979.0,24.7,319.0,874.0,23561.0,9590136.0,7736098.0,176.92990135994864
2008,27,MN,Minnesota,5220393.0,2012584.0,2596324.0,2624069.0,31.5,52.0,5423.0,14160.0,5004572.0,4453462.0,65.56080281573752
2008,28,MS,Mississippi,2938618.0,1141561.0,1427841.0,1510777.0,19.4,9.0,848.0,1682.0,2880233.0,1721781.0,62.6260275551981
2008,29,MO,Missouri,5911605.0,2332399.0,2885591.0,3026014.0,25.0,194.0,1092.0,10508.0,5724776.0,4852913.0,85.99758922991519
2008,30,MT,Montana,967440.0,375166.0,481256.0,486184.0,27.1,444.0,5999.0,334.0,940122.0,850040.0,6.64697985101597
2008,31,NE,Nebraska,1783432.0,682400.0,883051.0,900381.0,27.1,35.0,4026.0,2155.0,1643661.0,1501319.0,23.214464926858305
2008,32,NV,Nevada,2600167.0,951856.0,1324346.0,1275821.0,21.9,4904.0,947.0,10371.0,1931635.0,1481654.0,23.68499773822799
2008,33,NH,New Hampshire,1315809.0,525081.0,647416.0,668393.0,33.3,-999999999.0,-999999999.0,1300.0,1281204.0,1223665.0,146.97424784840243
2008,34,NJ,New Jersey,8682661.0,3433250.0,4251963.0,4430698.0,34.4,-999999999.0,-999999999.0,75633.0,7264116.0,5333035.0,1180.6365596895387
2008,35,NM,New Mexico,1984356.0,761762.0,979396.0,1004960.0,24.7,110594.0,548.0,3322.0,1093345.0,824517.0,16.359326172740474
2008,36,NY,New York,19490297.0,7875829.0,9461978.0,10028319.0,31.9,368.0,141.0,123143.0,16241770.0,11642592.0,413.5749176682284
2008,37,NC,North Carolina,9222414.0,3618706.0,4511067.0,4711347.0,26.1,126.0,134.0,16523.0,8539898.0,6187198.0,189.6917000339998
2008,38,ND,North Dakota,641481.0,251012.0,322965.0,318516.0,26.9,0.0,9883.0,52.0,628535.0,575970.0,9.296718298918274
2008,39,OH,Ohio,11485910.0,4548398.0,5600023.0,5885887.0,24.1,312.0,840.0,14353.0,11186132.0,9465227.0,281.0992668014172
2008,40,OK,Oklahoma,3642361.0,1404436.0,1794927.0,1847434.0,22.2,369.0,1234.0,5566.0,3363601.0,2596332.0,53.09957355442648
2008,41,OR,Oregon,3790060.0,1482803.0,1884732.0,1905328.0,28.1,580.0,1078.0,15760.0,3374016.0,3028416.0,39.48472314406769
2008,42,PA,Pennsylvania,12448279.0,5041345.0,6056221.0,6392058.0,26.3,119.0,411.0,32048.0,11853151.0,10112346.0,278.21921788358776
2008,44,RI,Rhode Island,1050788.0,431103.0,506854.0,543934.0,30.0,-999999999.0,-999999999.0,1453.0,928582.0,823394.0,1016.4227469264179
2008,45,SC,South Carolina,4479800.0,1779802.0,2179245.0,2300555.0,23.7,-999999999.0,-999999999.0,3444.0,4297606.0,2914748.0,149.02513913514989
2008,46,SD,South Dakota,804194.0,307794.0,401590.0,402604.0,25.1,28.0,57342.0,874.0,785249.0,691892.0,10.607880122937305
2008,47,TN,Tennessee,6214888.0,2465861.0,3026666.0,3188222.0,22.9,60.0,237.0,7768.0,5986991.0,4785701.0,150.7191238489726
2008,48,TX,Texas,24326974.0,8903240.0,12147242.0,12179732.0,25.3,2421.0,1244.0,66753.0,15456502.0,11488049.0,93.12412340752967
2008,49,UT,Utah,2736424.0,943499.0,1379910.0,1356514.0,29.1,16994.0,356.0,6377.0,2407356.0,2234480.0,33.30213770004048
2008,50,VT,Vermont,621270.0,253136.0,305282.0,315988.0,32.1,-999999999.0,-999999999.0,1397.0,613672.0,590057.0,67.40728203058374
2008,51,VA,Virginia,7769089.0,3063489.0,3822265.0,3946824.0,33.7,1457.0,185.0,57034.0,7239253.0,5189489.0,196.73515557953908
2008,53,WA,Washington,6549224.0,2527297.0,3267498.0,3281726.0,30.7,1378.0,2892.0,65834.0,5905540.0,4928944.0,98.55048910910635
2008,54,WV,West Virginia,1814468.0,739338.0,888173.0,926295.0,17.1,-999999999.0,-999999999.0,1218.0,1794070.0,1696007.0,75.48265865054012
2008,55,WI,Wisconsin,5627968.0,2190308.0,2797965.0,2830003.0,25.7,311.0,694.0,8247.0,5341856.0,4780733.0,103.91795826270638
2008,56,WY,Wyoming,532668.0,201764.0,269287.0,263381.0,23.6,-999999999.0,-999999999.0,515.0,491504.0,461606.0,5.48615484059945
2012,01,AL,Alabama,4822023.0,1935828.0,2336291.0,2485732.0,-888888888.0,-999999999.0,-999999999.0,10415.0,4636582.0,3212468.0,95.21160193842157
2012,02,AK,Alaska,731449.0,260040.0,381094.0,350355.0,-888888888.0,488.0,317.0,3440.0,687763.0,460453.0,1.281802506462251
2012,04,AZ,Arizona,6553255.0,2501924.0,3260687.0,3292568.0,-888888888.0,145029.0,1752.0,16830.0,4577151.0,3730370.0,57.69011025926703
2012,05,AR,Arkansas,2949131.0,1155761.0,1449265.0,1499866.0,-888888888.0,-999999999.0,-999999999.0,1473.0,2751266.0,2179168.0,56.675387639356835
2012,06,CA,California,38041430.0,14609435.0,18917773.0,19123657.0,-888888888.0,8701.0,4172.0,469136.0,23503769.0,14904055.0,244.20092744077164
2012,08,CO,Colorado,5187582.0,1983478.0,2601370.0,2586212.0,-888888888.0,8028.0,2973.0,17831.0,4098840.0,3599838.0,50.052946738041925
2012,09,CT,Connecticut,3590347.0,1453449.0,1749806.0,1840541.0,-888888888.0,-999999999.0,-999999999.0,9652.0,3079700.0,2512773.0,741.4457000305637
2012,10,DE,Delaware,917092.0,372111.0,444691.0,472401.0,-888888888.0,-999999999.0,-999999999.0,2020.0,838279.0,589642.0,470.655978322231
2012,11,DC,District of Columbia,632323.0,278819.0,299036.0,333287.0,-888888888.0,-999999999.0,-999999999.0,2428.0,569597.0,222975.0,10357.461097461099
2012,12,FL,Florida,19317568.0,7915200.0,9441001.0,9876567.0,-888888888.0,311.0,1059.0,26197.0,14833367.0,10966711.0,360.23598054331615
2012,13,GA,Georgia,9919945.0,3849266.0,4851053.0,5068892.0,-888888888.0,-999999999.0,-999999999.0,58458.0,9015602.0,5460416.0,172.4803172264455
2012,15,HI,Hawaii,1392313.0,543566.0,701196.0,691117.0,-888888888.0,-999999999.0,-999999999.0,21986.0,1260570.0,317032.0,216.7823773127208
2012,16,ID,Idaho,1595728.0,589703.0,798712.0,797016.0,-888888888.0,767.0,146.0,2108.0,1410569.0,1330942.0,19.308661144448564
2012,17,IL,Illinois,12875255.0,5059321.0,6316653.0,6558602.0,-888888888.0,511.0,1276.0,61734.0,10775247.0,8093687.0,231.9074773235003
2012,18,IN,Indiana,6537334.0,2545468.0,3217145.0,3320189.0,-888888888.0,66.0,873.0,11485.0,6128434.0,5289249.0,182.474011272784
2012,19,IA,Iowa,3074186.0,1198061.0,1524107.0,1550079.0,-888888888.0,0.0,1096.0,3212.0,2913542.0,2705704.0,55.03659067338405
2012,20,KS,Kansas,2885905.0,1097193.0,1434617.0,1451288.0,-888888888.0,1491.0,1103.0,6482.0,2570129.0,2234826.0,35.297825112721924
2012,21,KY,Kentucky,4380415.0,1729762.0,2154939.0,2225476.0,-888888888.0,495.0,161.0,4300.0,4246380.0,3760302.0,110.93494611047771
2012,22,LA,Louisiana,4601893.0,1803733.0,2248888.0,2353005.0,-888888888.0,271.0,255.0,4556.0,4394257.0,2748748.0,106.51568492659227
2012,23,ME,Maine,1329192.0,549638.0,650714.0,678478.0,-888888888.0,-999999999.0,-999999999.0,995.0,1310741.0,1250688.0,43.09553051397209
2012,24,MD,Maryland,5884563.0,2376338.0,2849291.0,3035272.0,-888888888.0,-999999999.0,-999999999.0,44184.0,5374115.0,3166263.0,606.2191266293671
2012,25,MA,Massachusetts,6646144.0,2740691.0,3219753.0,3426391.0,-888888888.0,-999999999.0,-999999999.0,25718.0,5972259.0,5003798.0,852.0631892575185
2012,26,MI,Michigan,9883360.0,3926154.0,4851429.0,5031931.0,-888888888.0,23.0,432.0,21651.0,9428442.0,7523647.0,174.80637224990227
2012,27,MN,Minnesota,5379139.0,2083490.0,2670741.0,2708398.0,-888888888.0,123.0,5551.0,15734.0,5115114.0,4424944.0,67.55442957981201
2012,28,MS,Mississippi,2984926.0,1174551.0,1442072.0,1542854.0,-888888888.0,-999999999.0,-999999999.0,1839.0,2904805.0,1717214.0,63.6129152976764
2012,29,MO,Missouri,6021988.0,2387266.0,2953591.0,3068397.0,-888888888.0,433.0,417.0,10087.0,5800469.0,4848758.0,87.60335820331002
2012,30,MT,Montana,1005141.0,394345.0,503458.0,501683.0,-888888888.0,342.0,4848.0,1085.0,973676.0,876782.0,6.906011715899738
2012,31,NE,Nebraska,1855525.0,707930.0,923099.0,932426.0,-888888888.0,379.0,4354.0,2267.0,1676641.0,1509066.0,24.152880532259573
2012,32,NV,Nevada,2758931.0,1044606.0,1391864.0,1367067.0,-888888888.0,2194.0,736.0,12230.0,2006880.0,1455200.0,25.131183687404345
2012,33,NH,New Hampshire,1320718.0,536500.0,648288.0,672430.0,-888888888.0,-999999999.0,-999999999.0,3035.0,1280580.0,1212389.0,147.52257711403885
2012,34,NJ,New Jersey,8864590.0,3550708.0,4321436.0,4543154.0,-888888888.0,-999999999.0,-999999999.0,97923.0,7223191.0,5134994.0,1205.3746012493507
2012,35,NM,New Mexico,2085538.0,799583.0,1034877.0,1050661.0,-888888888.0,114213.0,597.0,1298.0,1105814.0,827066.0,17.193485638486656
2012,36,NY,New York,19570261.0,8001175.0,9485872.0,10084389.0,-888888888.0,42.0,471.0,135092.0,16016575.0,11227534.0,415.2717160657296
2012,37,NC,North Carolina,9752073.0,3883310.0,4751047.0,5001026.0,-888888888.0,203.0,723.0,19929.0,8907177.0,6292533.0,200.58601860919154
2012,38,ND,North Dakota,699628.0,267622.0,357591.0,342037.0,-888888888.0,168.0,10871.0,222.0,682956.0,616194.0,10.139418673406684
2012,39,OH,Ohio,11544225.0,4602815.0,5642634.0,5901591.0,-888888888.0,651.0,1144.0,15316.0,11169949.0,9309291.0,282.52643310722357
2012,40,OK,Oklahoma,3814820.0,1468437.0,1889807.0,1925013.0,-888888888.0,1224.0,881.0,8154.0,3458521.0,2585779.0,55.61373932646907
2012,41,OR,Oregon,3899353.0,1550013.0,1932789.0,1966564.0,-888888888.0,428.0,747.0,19630.0,3425198.0,3026649.0,40.62333410183209
2012,42,PA,Pennsylvania,12763536.0,5197660.0,6229333.0,6534203.0,-888888888.0,13.0,291.0,35217.0,11982674.0,10035953.0,285.2652164487168
2012,44,RI,Rhode Island,1050292.0,437379.0,506835.0,543457.0,-888888888.0,-999999999.0,-999999999.0,1932.0,911742.0,791560.0,1015.9429682436812
2012,45,SC,South Carolina,4723723.0,1898930.0,2295781.0,2427942.0,-888888888.0,331.0,190.0,3944.0,4473961.0,3016843.0,157.13948776974587
2012,46,SD,South Dakota,833354.0,315640.0,417803.0,415551.0,-888888888.0,569.0,64646.0,985.0,808585.0,698504.0,10.992520874279458
2012,47,TN,Tennessee,6456243.0,2579864.0,3144756.0,3311487.0,-888888888.0,551.0,446.0,12197.0,6148485.0,4840886.0,156.57229676802902
2012,48,TX,Texas,26059203.0,9700312.0,12945218.0,13113985.0,-888888888.0,3032.0,1925.0,80336.0,16098293.0,11554528.0,99.75512926818877
2012,49,UT,Utah,2855287.0,988171.0,1435028.0,1420259.0,-888888888.0,16544.0,586.0,6772.0,2475854.0,2278904.0,34.74869422543271
2012,50,VT,Vermont,626011.0,257093.0,309184.0,316827.0,-888888888.0,-999999999.0,-999999999.0,1008.0,616184.0,588138.0,67.92167661604095
2012,51,VA,Virginia,8185867.0,3261043.0,4015045.0,4170822.0,-888888888.0,543.0,235.0,68145.0,7497895.0,5234502.0,207.28914520073266
2012,53,WA,Washington,6897012.0,2684061.0,3441429.0,3455583.0,-888888888.0,1004.0,3420.0,57338.0,6089416.0,4927042.0,103.78388431841327
2012,54,WV,West Virginia,1855413.0,754682.0,911681.0,943732.0,-888888888.0,-999999999.0,-999999999.0,1043.0,1831692.0,1721901.0,77.1859884741834
2012,55,WI,Wisconsin,5726398.0,2242291.0,2842737.0,2883661.0,-888888888.0,261.0,682.0,10200.0,5371999.0,4738842.0,105.7354249987998
2012,56,WY,Wyoming,576412.0,217440.0,292736.0,283676.0,-888888888.0,160.0,976.0,1152.0,522096.0,487672.0,5.936691304864587
2016,01,AL,Alabama,4863300.0,1972970.0,2356052.0,2507248.0,-888888888.0,483.0,770.0,10398.0,4663614.0,3197147.0,96.02662279029478
2016,02,AK,Alaska,741894.0,263300.0,390573.0,351321.0,-888888888.0,225.0,203.0,3796.0,690590.0,452757.0,1.3001064855229896
2016,04,AZ,Arizona,6931071.0,2688224.0,3444228.0,3486843.0,-888888888.0,149725.0,1760.0,14285.0,4786296.0,3834724.0,61.016128657408906
2016,05,AR,Arkansas,2988248.0,1176284.0,1468782.0,1519466.0,-888888888.0,-999999999.0,-999999999.0,2596.0,2773704.0,2175226.0,57.42712472336183
2016,06,CA,California,39250017.0,15308482.0,19491231.0,19758786.0,-888888888.0,7380.0,5094.0,461974.0,23969241.0,14725729.0,251.9592600348108
2016,08,CO,Colorado,5540545.0,2139240.0,2790701.0,2749844.0,-888888888.0,8513.0,3234.0,22379.0,4359327.0,3796733.0,53.45854846915663
2016,09,CT,Connecticut,3576452.0,1463900.0,1745153.0,1831299.0,-888888888.0,-999999999.0,-999999999.0,10805.0,3014105.0,2411769.0,738.5762314243468
2016,10,DE,Delaware,952065.0,391146.0,460232.0,491833.0,-888888888.0,-999999999.0,-999999999.0,2423.0,864913.0,597331.0,488.6042883389615
2016,11,DC,District of Columbia,681170.0,297660.0,323591.0,357579.0,-888888888.0,-999999999.0,-999999999.0,2787.0,606748.0,247185.0,11157.575757575758
2016,12,FL,Florida,20612439.0,8515351.0,10070860.0,10541579.0,-888888888.0,479.0,673.0,30476.0,15485861.0,11271384.0,384.3828671680768
2016,13,GA,Georgia,10310371.0,4063789.0,5018150.0,5292221.0,-888888888.0,457.0,459.0,53834.0,9348037.0,5484889.0,179.26874199426953
2016,15,HI,Hawaii,1428557.0,561259.0,718057.0,710500.0,-888888888.0,187.0,16.0,24630.0,1280407.0,315242.0,222.42554841241048
2016,16,ID,Idaho,1683140.0,629841.0,841203.0,841937.0,-888888888.0,611.0,1230.0,1349.0,1475892.0,1385885.0,20.3663656454403
2016,17,IL,Illinois,12801539.0,5081824.0,6289724.0,6511815.0,-888888888.0,402.0,1173.0,56237.0,10622749.0,7886677.0,230.57971398223992
2016,18,IN,Indiana,6633053.0,2597506.0,3267337.0,3365716.0,-888888888.0,0.0,232.0,12858.0,6184974.0,5273458.0,185.14577775817693
2016,19,IA,Iowa,3134693.0,1224707.0,1556668.0,1578025.0,-888888888.0,81.0,1083.0,6110.0,2955631.0,2708501.0,56.11983644702118
2016,20,KS,Kansas,2907289.0,1111187.0,1448853.0,1458436.0,-888888888.0,659.0,460.0,6291.0,2570380.0,2216482.0,35.55937519569778
2016,21,KY,Kentucky,4436974.0,1762835.0,2179814.0,2257160.0,-888888888.0,209.0,566.0,6245.0,4285054.0,3765752.0,112.36731487395389
2016,22,LA,Louisiana,4681666.0,1845242.0,2291880.0,2389786.0,-888888888.0,-999999999.0,-999999999.0,2616.0,4450498.0,2754601.0,108.36211545716937
2016,23,ME,Maine,1331479.0,556016.0,650702.0,680777.0,-888888888.0,-999999999.0,-999999999.0,1163.0,1310765.0,1243607.0,43.16968043233261
2016,24,MD,Maryland,6016447.0,2442110.0,2917773.0,3098674.0,-888888888.0,180.0,123.0,51068.0,5429717.0,3092525.0,619.8056246065979
2016,25,MA,Massachusetts,6811779.0,2831558.0,3305817.0,3505962.0,-888888888.0,383.0,0.0,21040.0,6032083.0,4928862.0,873.2982823209052
2016,26,MI,Michigan,9928300.0,3973564.0,4883220.0,5045080.0,-888888888.0,205.0,188.0,24162.0,9436870.0,7474930.0,175.60122322860897
2016,27,MN,Minnesota,5519952.0,2144277.0,2747946.0,2772006.0,-888888888.0,161.0,5955.0,17023.0,5231492.0,4444184.0,69.32284305498379
2016,28,MS,Mississippi,2988726.0,1190185.0,1440934.0,1547792.0,-888888888.0,-999999999.0,-999999999.0,1520.0,2901993.0,1698241.0,63.69389857100752
2016,29,MO,Missouri,6093000.0,2422753.0,2994651.0,3098349.0,-888888888.0,654.0,519.0,8065.0,5849433.0,4852074.0,88.63638744095272
2016,30,MT,Montana,1042520.0,407202.0,526023.0,516497.0,-888888888.0,338.0,4605.0,717.0,1005430.0,900884.0,7.162831218764128
2016,31,NE,Nebraska,1907116.0,724669.0,950124.0,956992.0,-888888888.0,71.0,4602.0,2978.0,1704667.0,1519945.0,24.82442699999232
2016,32,NV,Nevada,2940058.0,1135584.0,1473153.0,1466905.0,-888888888.0,2349.0,1135.0,13865.0,2103432.0,1463596.0,26.781074861829687
2016,33,NH,New Hampshire,1334795.0,545472.0,664722.0,670073.0,-888888888.0,-999999999.0,-999999999.0,2399.0,1287524.0,1211076.0,149.0949607099574
2016,34,NJ,New Jersey,8944469.0,3604649.0,4370211.0,4574258.0,-888888888.0,-999999999.0,-999999999.0,91324.0,7157800.0,4966755.0,1216.2362561903233
2016,35,NM,New Mexico,2081015.0,811108.0,1030224.0,1050791.0,-888888888.0,113649.0,1391.0,1254.0,1071139.0,787250.0,17.156197353380907
2016,36,NY,New York,19745289.0,8119421.0,9582050.0,10163239.0,-888888888.0,720.0,423.0,128657.0,15997675.0,10962313.0,418.98572774495824
2016,37,NC,North Carolina,10146788.0,4093519.0,4933381.0,5213407.0,-888888888.0,126.0,820.0,18156.0,9215678.0,6438334.0,208.7047345309578
2016,38,ND,North Dakota,757953.0,284152.0,390181.0,367772.0,-888888888.0,541.0,10524.0,551.0,731519.0,644710.0,10.984698728130688
2016,39,OH,Ohio,11614373.0,4645694.0,5691600.0,5922773.0,-888888888.0,1145.0,449.0,16851.0,11194292.0,9216496.0,284.24319315214694
2016,40,OK,Oklahoma,3923561.0,1513456.0,1943273.0,1980288.0,-888888888.0,1135.0,732.0,5703.0,3519625.0,2595562.0,57.19900249172971
2016,41,OR,Oregon,4093465.0,1643287.0,2026038.0,2067427.0,-888888888.0,464.0,793.0,11914.0,3570897.0,3119464.0,42.64558667275215
2016,42,PA,Pennsylvania,12784227.0,5216653.0,6262870.0,6521357.0,-888888888.0,165.0,181.0,40200.0,11884225.0,9832127.0,285.7276606016177
2016,44,RI,Rhode Island,1056426.0,442938.0,511358.0,545068.0,-888888888.0,-999999999.0,-999999999.0,1696.0,899074.0,768815.0,1021.8763602596222
2016,45,SC,South Carolina,4961119.0,2017430.0,2405343.0,2555776.0,-888888888.0,700.0,463.0,7121.0,4688328.0,3161469.0,165.03670905867128
2016,46,SD,South Dakota,865454.0,326809.0,435668.0,429786.0,-888888888.0,145.0,65101.0,648.0,833227.0,713315.0,11.415942277505902
2016,47,TN,Tennessee,6651194.0,2674585.0,3247058.0,3404136.0,-888888888.0,28.0,627.0,12094.0,6303752.0,4929450.0,161.3001122835268
2016,48,TX,Texas,27862596.0,10463550.0,13830953.0,14031643.0,-888888888.0,3910.0,2912.0,69710.0,16979317.0,11843864.0,106.65855228678019
2016,49,UT,Utah,3051217.0,1065551.0,1538145.0,1513072.0,-888888888.0,14497.0,1469.0,7915.0,2630777.0,2401230.0,37.13315213092138
2016,50,VT,Vermont,624594.0,259136.0,307874.0,316720.0,-888888888.0,-999999999.0,-999999999.0,1334.0,612048.0,580616.0,67.7679332860277
2016,51,VA,Virginia,8411808.0,3363583.0,4135485.0,4276323.0,-888888888.0,244.0,654.0,70946.0,7651197.0,5235564.0,213.01060595202495
2016,53,WA,Washington,7288000.0,2852349.0,3639726.0,3648274.0,-888888888.0,1889.0,2235.0,64034.0,6381549.0,5053546.0,109.66733839416199
2016,54,WV,West Virginia,1831102.0,744302.0,900913.0,930189.0,-888888888.0,29.0,159.0,1193.0,1804319.0,1684936.0,76.174640291436
2016,55,WI,Wisconsin,5778709.0,2277812.0,2872921.0,2905788.0,-888888888.0,157.0,394.0,10698.0,5391694.0,4718160.0,106.70132464760385
2016,56,WY,Wyoming,585501.0,218503.0,298205.0,287296.0,-888888888.0,-999999999.0,-999999999.0,827.0,529237.0,494078.0,6.030302449792025
2020,01,AL,Alabama,4893186.0,827434.0,2365734.0,2527452.0,2905059.0,3302834.0,1301319.0,67909.0,212951.0,124956.0,96.61672655701918
2020,02,AK,Alaska,736990.0,87629.0,384653.0,352337.0,450260.0,466961.0,23894.0,47289.0,53059.0,28634.0,1.2915126403038548
2020,04,AZ,Arizona,7174064.0,1262204.0,3564979.0,3609085.0,4258137.0,5292498.0,325105.0,239190.0,2260690.0,1982168.0,63.15526302074897
2020,05,AR,Arkansas,3011873.0,510117.0,1478511.0,1533362.0,1766362.0,2269959.0,457840.0,46130.0,229629.0,167313.0,57.88114186704917
2020,06,CA,California,39346023.0,5644497.0,19562882.0,19783141.0,22378605.0,22053721.0,2250962.0,5834312.0,15380929.0,12635258.0,252.5755553275976
2020,08,CO,Colorado,5684926.0,808337.0,2862153.0,2822773.0,3591969.0,4634305.0,235692.0,181733.0,1231126.0,891760.0,54.85162418400513
2020,09,CT,Connecticut,3570549.0,615466.0,1741688.0,1828861.0,2263655.0,2649994.0,382161.0,163262.0,587212.0,63563.0,737.3571977300326
2020,10,DE,Delaware,967679.0,182024.0,467720.0,499959.0,616027.0,652587.0,212795.0,38528.0,91350.0,34018.0,496.6174674371581
2020,11,DC,District of Columbia,701974.0,85912.0,333137.0,368837.0,461175.0,288306.0,318631.0,28762.0,77981.0,14082.0,11498.345618345618
2020,12,FL,Florida,21216924.0,4347912.0,10374594.0,10842330.0,13503528.0,15199588.0,3381061.0,590668.0,5468826.0,709870.0,395.6553651708651
2020,13,GA,Georgia,10516579.0,1459361.0,5113936.0,5402643.0,6147772.0,6020265.0,3319844.0,434603.0,1013057.0,558421.0,182.8541269187455
2020,15,HI,Hawaii,1420074.0,261207.0,712250.0,707824.0,921548.0,342923.0,26717.0,534519.0,152566.0,47164.0,221.10474992331802
2020,16,ID,Idaho,1754367.0,277744.0,879763.0,874604.0,1045155.0,1550979.0,11536.0,24501.0,222967.0,188699.0,21.22822807270587
2020,17,IL,Illinois,12716164.0,1990426.0,6247083.0,6469081.0,7788362.0,8874067.0,1796660.0,709567.0,2190696.0,1709245.0,229.04195019608628
2020,18,IN,Indiana,6696893.0,1050826.0,3300350.0,3396543.0,3989755.0,5510354.0,631923.0,158705.0,475475.0,340483.0,186.92771835959863
2020,19,IA,Iowa,3150011.0,537401.0,1564436.0,1585575.0,1946463.0,2806418.0,117035.0,79296.0,194407.0,148372.0,56.394071804262055
2020,20,KS,Kansas,2912619.0,460917.0,1451919.0,1460700.0,1746617.0,2416165.0,165837.0,87093.0,351602.0,285350.0,35.62456701866174
2020,21,KY,Kentucky,4461952.0,729928.0,2196522.0,2265430.0,2644849.0,3848305.0,361230.0,68139.0,167949.0,90537.0,112.99988806255531
2020,22,LA,Louisiana,4664616.0,719544.0,2276932.0,2387684.0,2695344.0,2856904.0,1500633.0,80930.0,243372.0,88174.0,107.96747515849263
2020,23,ME,Maine,1340825.0,276567.0,656628.0,684197.0,915860.0,1256030.0,18635.0,15270.0,23143.0,7122.0,43.47269973141324
2020,24,MD,Maryland,6037624.0,930875.0,2925644.0,3111980.0,3771670.0,3275048.0,1803128.0,384429.0,619418.0,97574.0,621.987248364323
2020,25,MA,Massachusetts,6873003.0,1136566.0,3335992.0,3537011.0,4385537.0,5261787.0,513369.0,466044.0,828140.0,47720.0,881.1474527119021
2020,26,MI,Michigan,9973907.0,1712841.0,4911965.0,5061942.0,6257361.0,7735902.0,1360149.0,316844.0,521203.0,371361.0,176.40787139473883
2020,27,MN,Minnesota,5600166.0,887576.0,2789017.0,2811149.0,3550107.0,4572149.0,359817.0,275242.0,307675.0,204270.0,70.33021821563962
2020,28,MS,Mississippi,2981835.0,474270.0,1443708.0,1538127.0,1692077.0,1729353.0,1123545.0,29742.0,94342.0,54717.0,63.54704179823785
2020,29,MO,Missouri,6124160.0,1033384.0,3004001.0,3120159.0,3783747.0,4978046.0,698043.0,123810.0,262677.0,176154.0,89.0896797161308
2020,30,MT,Montana,1061705.0,198119.0,534128.0,527577.0,690460.0,932157.0,5919.0,8664.0,41501.0,28858.0,7.294645396844156
2020,31,NE,Nebraska,1923826.0,302031.0,959677.0,964149.0,1153356.0,1641256.0,91896.0,47944.0,214952.0,155339.0,25.041936671753174
2020,32,NV,Nevada,3030281.0,478020.0,1520196.0,1510085.0,1819821.0,1881048.0,282722.0,252314.0,875798.0,656491.0,27.602918824519833
2020,33,NH,New Hampshire,1355244.0,245142.0,671802.0,683442.0,905707.0,1246602.0,21045.0,36581.0,52792.0,9190.0,151.37908887312696
2020,34,NJ,New Jersey,8885418.0,1442938.0,4341123.0,4544295.0,5568740.0,5820147.0,1189681.0,857873.0,1815078.0,215699.0,1208.2067166878337
2020,35,NM,New Mexico,2097021.0,364900.0,1038007.0,1059014.0,1224222.0,1467849.0,43476.0,33695.0,1031788.0,668593.0,17.288153199368665
2020,36,NY,New York,19514849.0,3221702.0,9474184.0,10040665.0,11905267.0,12160045.0,3002401.0,1674216.0,3720707.0,464480.0,414.09589953826304
2020,37,NC,North Carolina,10386227.0,1688354.0,5052667.0,5333560.0,6281557.0,7019443.0,2217522.0,308958.0,991051.0,542666.0,213.62964800420255
2020,38,ND,North Dakota,760394.0,116406.0,389284.0,371110.0,463217.0,651470.0,23959.0,11979.0,30325.0,19558.0,11.020075129563715
2020,39,OH,Ohio,11675275.0,1990621.0,5721796.0,5953479.0,7276196.0,9394878.0,1442655.0,268527.0,459939.0,206126.0,285.73367214307933
2020,40,OK,Oklahoma,3949342.0,619195.0,1956617.0,1992725.0,2312648.0,2809793.0,287856.0,87033.0,431467.0,346321.0,57.57484665045167
2020,41,OR,Oregon,4176346.0,734932.0,2070627.0,2105719.0,2684045.0,3449081.0,79117.0,187801.0,552279.0,445523.0,43.509038264258216
2020,42,PA,Pennsylvania,12794885.0,2335104.0,6269142.0,6525743.0,8180031.0,10155004.0,1419582.0,449320.0,971813.0,158266.0,285.9658670576429
2020,44,RI,Rhode Island,1057798.0,182486.0,514524.0,543274.0,661112.0,835608.0,69196.0,36536.0,168007.0,10956.0,1023.2034900029987
2020,45,SC,South Carolina,5091517.0,900696.0,2468682.0,2622835.0,3102292.0,3386329.0,1346560.0,83573.0,296897.0,152356.0,169.37453219652235
2020,46,SD,South Dakota,879336.0,146831.0,442948.0,436388.0,535074.0,735228.0,18836.0,12413.0,36088.0,22056.0,11.599055546028941
2020,47,TN,Tennessee,6772268.0,1107564.0,3304462.0,3467806.0,4102114.0,5196680.0,1128806.0,122897.0,377162.0,227090.0,164.23631438417456
2020,48,TX,Texas,28635442.0,3593369.0,14221720.0,14413722.0,15565117.0,19805623.0,3464424.0,1415664.0,11294257.0,9530419.0,109.61702160890039
2020,49,UT,Utah,3151239.0,349010.0,1586950.0,1564289.0,1736762.0,2682881.0,38059.0,73190.0,446067.0,314819.0,38.350414666637135
2020,50,VT,Vermont,624340.0,120872.0,308441.0,315899.0,413332.0,584360.0,7964.0,10126.0,12518.0,3739.0,67.74037449575009
2020,51,VA,Virginia,8509358.0,1314345.0,4186543.0,4322815.0,5268348.0,5643436.0,1620649.0,570398.0,810770.0,184600.0,215.48084595401025
2020,53,WA,Washington,7512465.0,1160604.0,3759007.0,3753458.0,4768368.0,5523881.0,290245.0,662902.0,971522.0,760663.0,113.04501115934387
2020,54,WV,West Virginia,1807426.0,360246.0,893743.0,913683.0,1124838.0,1672255.0,64285.0,14228.0,28679.0,11650.0,75.18970838510855
2020,55,WI,Wisconsin,5806975.0,982799.0,2889783.0,2917192.0,3686911.0,4895065.0,367889.0,163396.0,408267.0,289231.0,107.22324392792912
2020,56,WY,Wyoming,581348.0,95566.0,296280.0,285068.0,367618.0,525246.0,5079.0,4892.0,58854.0,45354.0,5.987529088048857
2024,01,AL,Alabama,5157699.0,955166.0,2490551.0,2667148.0,3170126.0,3301529.0,1835.0,2116740.0,-999999999.0,-999999999.0,101.83957731147176
2024,02,AK,Alaska,740133.0,109415.0,390301.0,349832.0,465092.0,434520.0,18.0,323403.0,617.0,7686.0,1.2970204819685656
2024,04,AZ,Arizona,7582384.0,1491158.0,3782883.0,3799501.0,4728815.0,4345673.0,3827.0,2937789.0,5231.0,3676.0,66.74981653973516
2024,05,AR,Arkansas,3088354.0,562707.0,1517526.0,1570828.0,1873987.0,2105944.0,559.0,1379140.0,-999999999.0,-999999999.0,59.35092748255613
2024,06,CA,California,39431263.0,6524861.0,19675103.0,19756160.0,23227841.0,15013785.0,60491.0,11003154.0,22811.0,34791.0,253.12273999060977
2024,08,CO,Colorado,5957494.0,980364.0,3016719.0,2940775.0,3917493.0,4132111.0,1709.0,2852150.0,2677.0,606.0,57.481526050904705
2024,09,CT,Connecticut,3675069.0,713337.0,1804896.0,1870173.0,2392646.0,2340945.0,6612.0,1689396.0,-999999999.0,-999999999.0,758.9417143706788
2024,10,DE,Delaware,1051917.0,227824.0,506763.0,545154.0,685650.0,611856.0,1241.0,410744.0,-999999999.0,-999999999.0,539.8488098781652
2024,11,DC,District of Columbia,702250.0,90674.0,332062.0,370188.0,461026.0,263797.0,721.0,196387.0,-999999999.0,-999999999.0,11502.866502866504
2024,12,FL,Florida,23372215.0,5094353.0,11488598.0,11883617.0,15337477.0,12663611.0,22396.0,8782669.0,6465.0,3112.0,435.8474518114393
2024,13,GA,Georgia,11180878.0,1765603.0,5441586.0,5739292.0,6813223.0,5571578.0,3956.0,3581898.0,1570.0,3206.0,194.40444320106465
2024,15,HI,Hawaii,1446146.0,311305.0,723923.0,722223.0,971764.0,317359.0,340.0,228070.0,78822.0,15323.0,225.16414615196578
2024,16,ID,Idaho,2001619.0,355551.0,1007233.0,994386.0,1235112.0,1619182.0,549.0,1074057.0,863.0,533.0,24.220031867141515
2024,17,IL,Illinois,12710158.0,2274582.0,6280259.0,6429899.0,8028089.0,7650197.0,7532.0,5480908.0,1820.0,890.0,228.9337708777889
2024,18,IN,Indiana,6924275.0,1218401.0,3431764.0,3492511.0,4244133.0,5263322.0,4122.0,3389345.0,2487.0,221.0,193.27454194719996
2024,19,IA,Iowa,3241488.0,612603.0,1622686.0,1618802.0,2038609.0,2696030.0,532.0,1714910.0,-999999999.0,-999999999.0,58.03176783339925
2024,20,KS,Kansas,2970606.0,533774.0,1487233.0,1483373.0,1827651.0,2229436.0,742.0,1416412.0,1753.0,174.0,36.33381246673137
2024,21,KY,Kentucky,4588372.0,825850.0,2274627.0,2313745.0,2799522.0,3736188.0,2400.0,2422603.0,-999999999.0,-999999999.0,116.20150158257262
2024,22,LA,Louisiana,4597740.0,819864.0,2242572.0,2355168.0,2749670.0,2594108.0,1622.0,1834568.0,-999999999.0,-999999999.0,106.41955934533688
2024,23,ME,Maine,1405012.0,329926.0,692688.0,712324.0,994955.0,1260038.0,139.0,866903.0,-999999999.0,-999999999.0,45.55379322061595
2024,24,MD,Maryland,6263220.0,1099752.0,3038142.0,3225078.0,3989793.0,2937410.0,4034.0,2030508.0,1003.0,489.0,645.2278203645002
2024,25,MA,Massachusetts,7136171.0,1335942.0,3481139.0,3655032.0,4637695.0,4761129.0,8824.0,3430716.0,179.0,147.0,914.886680358869
2024,26,MI,Michigan,10140459.0,1987859.0,5015542.0,5124917.0,6551317.0,7406982.0,5398.0,5361908.0,1927.0,493.0,179.3536662368741
2024,27,MN,Minnesota,5793151.0,1056273.0,2897870.0,2895281.0,3751387.0,4398985.0,3852.0,3222170.0,416.0,605.0,72.75383872302193
2024,28,MS,Mississippi,2943045.0,531347.0,1421300.0,1521745.0,1745605.0,1635264.0,477.0,993178.0,-999999999.0,-999999999.0,62.72037306862885
2024,29,MO,Missouri,6245466.0,1169201.0,3080058.0,3165408.0,3959346.0,4845736.0,867.0,3137381.0,683.0,978.0,90.85434828906897
2024,30,MT,Montana,1137233.0,241423.0,575447.0,561786.0,760097.0,962408.0,38.0,665390.0,-999999999.0,-999999999.0,7.813574833488841
2024,31,NE,Nebraska,2005466.0,348052.0,1009629.0,995837.0,1229269.0,1536801.0,417.0,976378.0,-999999999.0,-999999999.0,26.104623063288546
2024,32,NV,Nevada,3267467.0,575351.0,1647319.0,1620148.0,2032703.0,1568971.0,577.0,1078395.0,9670.0,9182.0,29.763453080027016
2024,33,NH,New Hampshire,1409032.0,303232.0,702191.0,706841.0,986612.0,1233738.0,546.0,869583.0,-999999999.0,-999999999.0,157.3871423544984
2024,34,NJ,New Jersey,9500851.0,1706665.0,4677607.0,4823244.0,6015420.0,4972387.0,46246.0,3508883.0,601.0,663.0,1291.8910503085303
2024,35,NM,New Mexico,2130256.0,429233.0,1065400.0,1064856.0,1305348.0,987403.0,454.0,647202.0,531.0,151.0,17.56214748534912
2024,36,NY,New York,19867248.0,3757173.0,9704610.0,10162638.0,12430128.0,10793935.0,36512.0,7624627.0,2708.0,351.0,421.5736402525973
2024,37,NC,North Carolina,11046024.0,1980690.0,5396017.0,5650007.0,6947037.0,6720153.0,8853.0,4405244.0,2309.0,1598.0,227.20071677289295
2024,38,ND,North Dakota,796568.0,140295.0,408714.0,387854.0,500114.0,653171.0,92.0,446193.0,-999999999.0,-999999999.0,11.544329920812512
2024,39,OH,Ohio,11883304.0,2271397.0,5867389.0,6015915.0,7607705.0,9029891.0,7360.0,5937565.0,2681.0,673.0,290.82484901747864
2024,40,OK,Oklahoma,4095393.0,692081.0,2040182.0,2055211.0,2460648.0,2626931.0,1010.0,1775063.0,1291.0,1391.0,59.704027645195886
2024,41,OR,Oregon,4272371.0,850217.0,2128207.0,2144164.0,2847453.0,3139528.0,1746.0,2251705.0,3312.0,2184.0,44.50942362488815
2024,42,PA,Pennsylvania,13078751.0,2665974.0,6448942.0,6629809.0,8556816.0,9612302.0,10079.0,6416888.0,-999999999.0,-999999999.0,292.310276313231
2024,44,RI,Rhode Island,1112308.0,220168.0,547371.0,564937.0,720699.0,762360.0,261.0,547885.0,-999999999.0,-999999999.0,1075.9307803174665
2024,45,SC,South Carolina,5478831.0,1082724.0,2671064.0,2807767.0,3479792.0,3462009.0,1813.0,2245234.0,901.0,1019.0,182.258929432781
2024,46,SD,South Dakota,924669.0,175902.0,474961.0,449708.0,586059.0,739067.0,294.0,504179.0,-999999999.0,-999999999.0,12.197029454828455
2024,47,TN,Tennessee,7227750.0,1273979.0,3544910.0,3682840.0,4525310.0,5201024.0,13923.0,3410576.0,739.0,712.0,175.28234577990972
2024,48,TX,Texas,31290831.0,4365469.0,15608512.0,15682319.0,17837644.0,14780203.0,25599.0,10051701.0,5234.0,4090.0,119.7819016688288
2024,49,UT,Utah,3503613.0,434922.0,1778121.0,1725492.0,2015798.0,2714710.0,48.0,1686530.0,2093.0,10891.0,42.63878791212616
2024,50,VT,Vermont,648493.0,148485.0,320167.0,328326.0,449234.0,584330.0,187.0,409969.0,-999999999.0,-999999999.0,70.36095505313205
2024,51,VA,Virginia,8811195.0,1550385.0,4356641.0,4454554.0,5606143.0,5224503.0,20249.0,3518672.0,1109.0,2150.0,223.12420660474567
2024,53,WA,Washington,7958180.0,1378508.0,4009969.0,3948211.0,5196048.0,5093664.0,5269.0,3739212.0,7807.0,12620.0,119.75197846619814
2024,54,WV,West Virginia,1769979.0,386851.0,881512.0,888467.0,1142711.0,1582278.0,1024.0,1030899.0,-999999999.0,-999999999.0,73.631896884169
2024,55,WI,Wisconsin,5960975.0,1171042.0,2984118.0,2976857.0,3910355.0,4741979.0,1057.0,3170397.0,1537.0,714.0,110.06678631702174
2024,56,WY,Wyoming,587618.0,117373.0,301319.0,286299.0,386514.0,489502.0,0.0,333303.0,-999999999.0,-999999999.0,6.052106255910561
